<?xml version="1.0" encoding="UTF-8"?>
<beans xmlns="http://www.springframework.org/schema/beans"
    xmlns:xsi="http://www.w3.org/2001/XMLSchema-instance"
    xmlns:context="http://www.springframework.org/schema/context"
    xmlns:p="http://www.springframework.org/schema/p"
    xsi:schemaLocation="http://www.springframework.org/schema/beans
        http://www.springframework.org/schema/beans/spring-beans.xsd
        http://www.springframework.org/schema/context
        http://www.springframework.org/schema/context/spring-context.xsd">

<context:annotation-config />
<context:component-scan base-package="com.dm"/>


<bean class="com.dm.DIusingannotation.Exam" id="exam1" p:result="S+" name="exam1">
  
</bean>
<bean class="com.dm.DIusingannotation.Student" id="stud" p:id="23" p:name="debasri">
<property name="exam" ref="exam1"/>
 </bean> 
 
 <bean class="com.dm.DIusingannotation.Student" id="stud1" p:id="28" p:name="Viswes">
<property name="exam" ref="exam1"/>
 </bean> 
</beans>