<?xml version="1.0" encoding="UTF-8"?>
<beans xmlns="http://www.springframework.org/schema/beans"
    xmlns:xsi="http://www.w3.org/2001/XMLSchema-instance"
    xmlns:context="http://www.springframework.org/schema/context"
    xmlns:p="http://www.springframework.org/schema/p"
    xsi:schemaLocation="http://www.springframework.org/schema/beans
        http://www.springframework.org/schema/beans/spring-beans.xsd
        http://www.springframework.org/schema/context
        http://www.springframework.org/schema/context/spring-context.xsd">
<!--         
<bean id="stud" class="com.dm.springcore.demospring.Student">
<property name="id">
<value>11</value>
</property>
<property name="name">
<value>nayana</value>
</property>
<property name="marks">
<array>
<value>92</value>
<value>72</value>
<value>52</value>
</array>
</property>
</bean>        
  
<context:property-placeholder location="student.properties"/>
<bean id="stud2" class="com.dm.springcore.demospring.Student">
<property name="id" value="${student.id}"></property>
<property name="name" value="${student.name}"></property>
<property name="marks" value="${student.marks}"></property>
</bean> 
--> 

<bean id="stud" class="com.dm.springcore.demospring.Student">
<property name="id" value="11"/>
<property name="name" value="sachin"/>
<property name="marks">
<array>
<value>67</value>
<value>75</value>
<value>86</value>
</array>
</property>
<!--  
<property name="languages">
<list>
<value>English</value>
<value>Hindi</value>
</list>-->
<property name="languages">
<set>
<value>English</value>
<value>Hindi</value>
</set>
</property>
<property name="marksForSubject">
<map>
<entry key="java" value="78"/>
<entry key="UI" value="58"/>
<entry key="SQL" value="80"/>
<entry key="spring" value="68"/>

</map>
</property>
</bean>
</beans>