<?xml version="1.0" encoding="UTF-8"?>
<beans xmlns="http://www.springframework.org/schema/beans"
    xmlns:xsi="http://www.w3.org/2001/XMLSchema-instance"
    xmlns:context="http://www.springframework.org/schema/context"
    xmlns:p="http://www.springframework.org/schema/p"
    xsi:schemaLocation="http://www.springframework.org/schema/beans
        http://www.springframework.org/schema/beans/spring-beans.xsd
        http://www.springframework.org/schema/context
        http://www.springframework.org/schema/context/spring-context.xsd">

<bean id="e1" class="com.dm.DIusingxml.Exam">
<property name="result" value="A+"/>
</bean>


<bean id="stud" class="com.dm.DIusingxml.Student">
<property name="id" value="11"/>
<property name="name" value="puneeth"/>
<property name="exam" ref="e1"/>
</bean>
</beans>