<?xml version="1.0" encoding="UTF-8"?>
<beans xmlns="http://www.springframework.org/schema/beans"
    xmlns:xsi="http://www.w3.org/2001/XMLSchema-instance"
    xmlns:context="http://www.springframework.org/schema/context"
    xmlns:p="http://www.springframework.org/schema/p"
    xsi:schemaLocation="http://www.springframework.org/schema/beans
        http://www.springframework.org/schema/beans/spring-beans.xsd
        http://www.springframework.org/schema/context
        http://www.springframework.org/schema/context/spring-context.xsd">
        
        
        
<bean id="stud" class="com.dm.springcore.demospring.Student">
<property name="id" value="12"/>
<property name="name" value="Abc"></property>
</bean>        
<bean id="stud1" class="com.dm.springcore.demospring.Student"/>       

<context:property-placeholder location="student.properties"/>
<bean id="stud2" class="com.dm.springcore.demospring.Student">
<property name="id" value="${student.id}"></property>
<property name="name" value="${student.name}"></property>
</bean> 

</beans>